employee_ref,year,rating_band,strengths,development_focus,comment_short
L-001,2022,A,"전략 방향 제시, 이해관계자 설득",운영 디테일·일정 관리,큰 그림과 신뢰가 강점. 실행 과정 가시화를 보완하면 좋음.
L-001,2023,A,"우선순위 설정, 위기 시 결단",하위 조직 피드백 주기,실행 영역 점수가 다면진단에서 소폭 상승. 피드백 루틴 강화 권고.
L-001,2024,S,"실행 추진력, 팀 코칭",신규 인력 온보딩 표준화,전반적 균형. 온보딩 체계화가 다음 과제.
L-002,2022,B,"고객 대응 속도, 성과 지향",내부 협업·갈등 조정,성과는 우수하나 동료 평가에서 협업 항목 분산이 큼.
L-002,2023,B+,계약·마감 관리,팀원 성장 대화,사람관리 영역 개선 노력이 평가에 반영됨.
L-002,2024,A,크로스펑셔널 조율,중장기 파이프라인 가시화,협업·소통 다면 점수가 눈에 띄게 상승.
L-003,2022,A,"기술 판단, 표준화",외부 파트너 커뮤니케이션,기술 리더십이 뚜렷. 대외 메시지 일관성 보완.
L-003,2023,A,"로드맵 실행, 리스크 관리",조직 문화 다양성,안정적 운영. 변화대응 항목에서 상·하위 평가차 축소 필요.
L-003,2024,A,제품 품질·안전,차세대 리더 양성,윤리·신뢰·전략 영역이 고르게 높음.
